rank,model,rmse,mae,rsq,.estimator
1,xgboost,0.7033409121129446,0.4966383034962327,0.6430429148170654,standard
