rank,model,rmse,mae,rsq,.estimator
1,xgboost,0.7033409121129446,0.4966383034962327,0.6430429148170654,standard
2,random_forest,0.7088295647698992,0.49854046824350373,0.637145823988704,standard
3,linear_regression,0.8855850531886142,0.6599938212598376,0.4330871908853237,standard
